{
    "Description": "VPC template for Region Singapore",
    "Metadata": {
        "AWS::CloudFormation::Interface" : {            
            "ParameterGroups" : [
                {
                    "Label" : { "default":"Availability zone" },
                    "Parameters" : [ "Az1", "Az2", "Az3" ]
                  },
                {
                  "Label" : { "default" : "Network Configuration" },
                  "Parameters" : [ "VpcCidrBlock", "CIDRPublicAz1", "CIDRPrivateAz1", "CIDRPublicAz2", "CIDRPrivateAz2", "CIDRPublicAz3", "CIDRPrivateAz3" ]
                }
              ]
          }
    },
    "Parameters": {
        "VpcCidrBlock": {
            "Description" : "CIDR block range for this VPC",
            "Type" : "String",
            "AllowedPattern": "(\\d{1,3})\\.(\\d{1,3})\\.(\\d{1,3})\\.(\\d{1,3})/(\\d{1,2})"
        },
        "Az1": {
            "Description" : "AZ 1",
            "Type" : "AWS::EC2::AvailabilityZone::Name"            
        },
        "Az2": {
            "Description" : "AZ 2",
            "Type" : "AWS::EC2::AvailabilityZone::Name"            
        },
        "Az3": {
            "Description" : "AZ 3",
            "Type" : "AWS::EC2::AvailabilityZone::Name"            
        },
        "CIDRPublicAz1": {
            "Description" : "CIDR Public Subnet for AZ1",
            "Type" : "String",
            "AllowedPattern": "(\\d{1,3})\\.(\\d{1,3})\\.(\\d{1,3})\\.(\\d{1,3})/(\\d{1,2})"
        },
        "CIDRPrivateAz1": {
            "Description" : "CIDR Private Subnet for AZ1",
            "Type" : "String",
            "AllowedPattern": "(\\d{1,3})\\.(\\d{1,3})\\.(\\d{1,3})\\.(\\d{1,3})/(\\d{1,2})"
        },
        "CIDRPublicAz2": {
            "Description" : "CIDR Public Subnet for AZ2",
            "Type" : "String",
            "AllowedPattern": "(\\d{1,3})\\.(\\d{1,3})\\.(\\d{1,3})\\.(\\d{1,3})/(\\d{1,2})"
        },
        "CIDRPrivateAz2": {
            "Description" : "CIDR Private Subnet for AZ2",
            "Type" : "String",
            "AllowedPattern": "(\\d{1,3})\\.(\\d{1,3})\\.(\\d{1,3})\\.(\\d{1,3})/(\\d{1,2})"
        },
        "CIDRPublicAz3": {
            "Description" : "CIDR Public Subnet for AZ3",
            "Type" : "String",
            "AllowedPattern": "(\\d{1,3})\\.(\\d{1,3})\\.(\\d{1,3})\\.(\\d{1,3})/(\\d{1,2})"
        },
        "CIDRPrivateAz3": {
            "Description" : "CIDR Private Subnet for AZ3",
            "Type" : "String",
            "AllowedPattern": "(\\d{1,3})\\.(\\d{1,3})\\.(\\d{1,3})\\.(\\d{1,3})/(\\d{1,2})"
        },
        "VpcNameTag": {
            "Description": "Tag Name for VPC",
            "Type": "String"
        }
    },
    "Resources": {
        "VPCStandard":{
            "DeletionPolicy" : "Retain",
            "Type" : "AWS::EC2::VPC",
            "Properties" : {
               "CidrBlock" : {
                   "Ref": "VpcCidrBlock"
               },
               "EnableDnsSupport" : true,
               "EnableDnsHostnames" : true,
               "InstanceTenancy" : "default",
               "Tags" : [
                    {
                        "Key": "Name",
                        "Value": {"Ref": "VpcNameTag"}
                    }
               ]
            }
        },
        "InternetGateway":{
            "DeletionPolicy" : "Retain",
            "Type": "AWS::EC2::InternetGateway",
            "Properties": {
                "Tags": [
                    {
                        "Key":"Name",
                        "Value": {"Ref": "AWS::StackName"}
                    }
                ]
            }
        },
        "GatewayAttachment":{
            "DeletionPolicy" : "Retain",
            "Type": "AWS::EC2::VPCGatewayAttachment",
            "Properties": {
                "InternetGatewayId": {"Ref": "InternetGateway"},
                "VpcId": {
                    "Ref": "VPCStandard"
                }
            }
        },
        "PublicRouteTable": {
            "DeletionPolicy" : "Retain",
            "Type": "AWS::EC2::RouteTable",            
            "Properties":{
                "VpcId": {
                    "Ref": "VPCStandard"
                },
                "Tags":[
                    {
                        "Key": "Name",
                        "Value": {
                            "Ref":"AWS::StackName"
                        }
                    }
                ]
            }
        }, 
        "PublicRoute": {
            "DeletionPolicy" : "Retain",
            "Type":"AWS::EC2::Route",
            "Properties":{
                "DestinationCidrBlock": "0.0.0.0/0",
                "GatewayId": {"Ref": "InternetGateway"},
                "RouteTableId": {"Ref": "PublicRouteTable"}
            }
        },
        "PublicSubnetAz1":{
            "DeletionPolicy" : "Retain",
            "Type": "AWS::EC2::Subnet",
            "Properties":{
                "AvailabilityZone": { "Ref": "Az1" },
                "CidrBlock": {"Ref": "CIDRPublicAz1"},
                "MapPublicIpOnLaunch": true,
                "Tags": [
                    {
                        "Key": "Name",
                        "Value": {
                            "Fn::Join": ["-public-", [
                                {
                                    "Ref": "AWS::StackName"
                                },
                                {
                                    "Ref": "Az1"
                                }
                            ] ]
                        }
                    }
                ],
                "VpcId": {"Ref":"VPCStandard"}
            }
        },
        "PrivateSubnetAz1":{
            "DeletionPolicy" : "Retain",
            "Type": "AWS::EC2::Subnet",
            "Properties":{
                "AvailabilityZone": { "Ref": "Az1" },
                "CidrBlock": {"Ref": "CIDRPrivateAz1"},                
                "Tags": [
                    {
                        "Key": "Name",
                        "Value": {
                            "Fn::Join": ["-private-", [
                                {
                                    "Ref": "AWS::StackName"
                                },
                                {
                                    "Ref": "Az1"
                                }
                            ] ]
                        }
                    }
                ],
                "VpcId": {"Ref":"VPCStandard"}
            }
        },     
        "PublicSubnetAz2":{
            "DeletionPolicy" : "Retain",
            "Type": "AWS::EC2::Subnet",
            "Properties":{
                "AvailabilityZone": { "Ref": "Az2" },
                "CidrBlock": {"Ref": "CIDRPublicAz2"},
                "MapPublicIpOnLaunch": true,
                "Tags": [
                    {
                        "Key": "Name",
                        "Value": {
                            "Fn::Join": ["-public-", [
                                {
                                    "Ref": "AWS::StackName"
                                },
                                {
                                    "Ref": "Az2"
                                }
                            ] ]
                        }
                    }
                ],
                "VpcId": {"Ref":"VPCStandard"}
            }
        },
        "PrivateSubnetAz2":{
            "DeletionPolicy" : "Retain",
            "Type": "AWS::EC2::Subnet",
            "Properties":{
                "AvailabilityZone": { "Ref": "Az2" },
                "CidrBlock": {"Ref": "CIDRPrivateAz2"},                
                "Tags": [
                    {
                        "Key": "Name",
                        "Value": {
                            "Fn::Join": ["-private-", [
                                {
                                    "Ref": "AWS::StackName"
                                },
                                {
                                    "Ref": "Az2"
                                }
                            ] ]
                        }
                    }
                ],
                "VpcId": {"Ref":"VPCStandard"}
            }
        },
        "PublicSubnetAz3":{
            "DeletionPolicy" : "Retain",
            "Type": "AWS::EC2::Subnet",
            "Properties":{
                "AvailabilityZone": { "Ref": "Az3" },
                "CidrBlock": {"Ref": "CIDRPublicAz3"},
                "MapPublicIpOnLaunch": true,
                "Tags": [
                    {
                        "Key": "Name",
                        "Value": {
                            "Fn::Join": ["-public-", [
                                {
                                    "Ref": "AWS::StackName"
                                },
                                {
                                    "Ref": "Az3"
                                }
                            ] ]
                        }
                    }
                ],
                "VpcId": {"Ref":"VPCStandard"}
            }
        },
        "PrivateSubnetAz3":{
            "DeletionPolicy" : "Retain",
            "Type": "AWS::EC2::Subnet",
            "Properties":{
                "AvailabilityZone": { "Ref": "Az3" },
                "CidrBlock": {"Ref": "CIDRPrivateAz3"},                
                "Tags": [
                    {
                        "Key": "Name",
                        "Value": {
                            "Fn::Join": ["-private-", [
                                {
                                    "Ref": "AWS::StackName"
                                },
                                {
                                    "Ref": "Az3"
                                }
                            ] ]
                        }
                    }
                ],
                "VpcId": {"Ref":"VPCStandard"}
            }
        },
        "PublicSubnetAssocAz1":{
            "DeletionPolicy" : "Retain",
            "Type": "AWS::EC2::SubnetRouteTableAssociation",
            "Properties":{
                "RouteTableId":{
                    "Ref":"PublicRouteTable"
                },
                "SubnetId": {"Ref": "PublicSubnetAz1"}
            }
        },
        "PublicSubnetAssocAz2":{
            "DeletionPolicy" : "Retain",
            "Type": "AWS::EC2::SubnetRouteTableAssociation",
            "Properties":{
                "RouteTableId":{
                    "Ref":"PublicRouteTable"
                },
                "SubnetId": {"Ref": "PublicSubnetAz2"}
            }
        },
        "PublicSubnetAssocAz3":{
            "DeletionPolicy" : "Retain",
            "Type": "AWS::EC2::SubnetRouteTableAssociation",
            "Properties":{
                "RouteTableId":{
                    "Ref":"PublicRouteTable"
                },
                "SubnetId": {"Ref": "PublicSubnetAz3"}
            }
        }        
    },
    "Outputs":{

    },
    "AWSTemplateFormatVersion": "2010-09-09"
}